proto6/notes/reviews/2026-09-30/README.md	proto6/notes/archive/reviews-2026-09-30/README.md
proto6/notes/reviews/2026-09-30/astra-b19-verify-report.md	proto6/notes/archive/reviews-2026-09-30/astra-b19-verify-report.md
proto6/notes/reviews/2026-09-30/astra-report.md	proto6/notes/archive/reviews-2026-09-30/astra-report.md
proto6/notes/reviews/2026-09-30/astra-settled-brief.md	proto6/notes/archive/reviews-2026-09-30/astra-settled-brief.md
proto6/notes/reviews/2026-09-30/astra-settled-report.md	proto6/notes/archive/reviews-2026-09-30/astra-settled-report.md
proto6/notes/reviews/2026-09-30/astra-verify-report.md	proto6/notes/archive/reviews-2026-09-30/astra-verify-report.md
proto6/notes/reviews/2026-09-30/batch19-handoffs.md	proto6/notes/archive/reviews-2026-09-30/batch19-handoffs.md
proto6/notes/reviews/2026-09-30/batch19-map.json	proto6/notes/archive/reviews-2026-09-30/batch19-map.json
proto6/notes/reviews/2026-09-30/batch19-plan.md	proto6/notes/archive/reviews-2026-09-30/batch19-plan.md
proto6/notes/reviews/2026-09-30/batch20-cg-git-map.json	proto6/notes/archive/reviews-2026-09-30/batch20-cg-git-map.json
proto6/notes/reviews/2026-09-30/batch20-cg-git-plan.md	proto6/notes/archive/reviews-2026-09-30/batch20-cg-git-plan.md
proto6/notes/reviews/2026-09-30/batch20-map.json	proto6/notes/archive/reviews-2026-09-30/batch20-map.json
proto6/notes/reviews/2026-09-30/batch20-plan.md	proto6/notes/archive/reviews-2026-09-30/batch20-plan.md
proto6/notes/reviews/2026-09-30/brief.md	proto6/notes/archive/reviews-2026-09-30/brief.md
proto6/notes/reviews/2026-09-30/fable-report.md	proto6/notes/archive/reviews-2026-09-30/fable-report.md
proto6/notes/reviews/2026-09-30/items.json	proto6/notes/archive/reviews-2026-09-30/items.json
proto6/notes/reviews/2026-09-30/spec-rewrite-map.json	proto6/notes/archive/reviews-2026-09-30/spec-rewrite-map.json
proto6/notes/reviews/2026-09-30/spec-rewrite-plan.md	proto6/notes/archive/reviews-2026-09-30/spec-rewrite-plan.md
proto6/notes/reviews/2026-09-30/team-handoffs.md	proto6/notes/archive/reviews-2026-09-30/team-handoffs.md
proto6/notes/reviews/2026-10-01/astra-spec-sync-report.md	proto6/notes/archive/reviews-2026-10-01/astra-spec-sync-report.md
proto6/notes/verdicts/11-tick-as-unit.md	proto6/notes/verdicts/11-tick-as-unit/01-0930-方向與追答.md
proto6/notes/verdicts/11-tick-as-unit.md	proto6/notes/verdicts/11-tick-as-unit/02-0930-疑點裁定.md
proto6/notes/verdicts/11-tick-as-unit.md	proto6/notes/verdicts/11-tick-as-unit/03-1001-POC默認一切正常.md
proto6/notes/verdicts/11-tick-as-unit.md	proto6/notes/verdicts/11-tick-as-unit/04-1001-結束碼慣例.md
proto6/notes/verdicts/11-tick-as-unit.md	proto6/notes/verdicts/11-tick-as-unit/05-1001-tick-node與讀表檢查.md
proto6/notes/verdicts/11-tick-as-unit.md	proto6/notes/verdicts/11-tick-as-unit/06-1001-互斥-狀態資料夾-user.md
proto6/notes/verdicts/11-tick-as-unit.md	proto6/notes/verdicts/11-tick-as-unit/07-1001-最核心daemon.md
proto6/notes/verdicts/11-tick-as-unit.md	proto6/notes/verdicts/11-tick-as-unit/08-1001-node模組與統一更新.md
proto6/notes/verdicts/11-tick-as-unit.md	proto6/notes/verdicts/11-tick-as-unit/09-1001-第二三批.md
proto6/notes/verdicts/11-tick-as-unit.md	proto6/notes/verdicts/11-tick-as-unit/10-1001-第四五批.md
proto6/notes/verdicts/11-tick-as-unit.md	proto6/notes/verdicts/11-tick-as-unit/11-1001-第六七批.md
proto6/notes/verdicts/11-tick-as-unit.md	proto6/notes/verdicts/11-tick-as-unit/12-1001-第八九批.md
proto6/notes/verdicts/11-tick-as-unit.md	proto6/notes/verdicts/11-tick-as-unit/13-1001-第十十一批.md
proto6/notes/verdicts/11-tick-as-unit.md	proto6/notes/verdicts/11-tick-as-unit/14-1001-第十二批.md
proto6/notes/verdicts/11-tick-as-unit.md	proto6/notes/verdicts/11-tick-as-unit/15-1001-第十三批.md
proto6/notes/verdicts/11-tick-as-unit.md	proto6/notes/verdicts/11-tick-as-unit/16-1001-第十四十五批.md
proto6/notes/verdicts/11-tick-as-unit.md	proto6/notes/verdicts/11-tick-as-unit/17-1001-第十六批.md
proto6/notes/verdicts/11-tick-as-unit.md	proto6/notes/verdicts/11-tick-as-unit/18-1001-第十六批-tasks_blocked模組.md
proto6/notes/verdicts/11-tick-as-unit.md	proto6/notes/verdicts/11-tick-as-unit/19-1001-第十七批.md
proto6/notes/verdicts/11-tick-as-unit.md	proto6/notes/verdicts/11-tick-as-unit/20-1001-第十八批.md
proto6/notes/verdicts/11-tick-as-unit.md	proto6/notes/verdicts/11-tick-as-unit/21-1001-第十九批.md
proto6/notes/verdicts/11-tick-as-unit.md	proto6/notes/verdicts/11-tick-as-unit/22-1001-第二十批.md
proto6/notes/verdicts/11-tick-as-unit.md	proto6/notes/verdicts/11-tick-as-unit/23-1001-第二十一批.md
proto6/notes/verdicts/11-tick-as-unit.md	proto6/notes/verdicts/11-tick-as-unit/24-1001-1002-第二十二二十三批.md
proto6/spec/conformance.md	proto6/spec/conformance/01-V-01-正本規則與概念.md
proto6/spec/conformance.md	proto6/spec/conformance/02-V-01-正本表.md
proto6/spec/conformance.md	proto6/spec/conformance/03-V-01-新條號.md
proto6/spec/conformance.md	proto6/spec/conformance/04-V-02與V-03開頭.md
proto6/spec/conformance.md	proto6/spec/conformance/05-V-03-資源LLM與第十八批場景.md
proto6/spec/conformance.md	proto6/spec/conformance/06-V-03-第十九批場景.md
proto6/spec/conformance.md	proto6/spec/conformance/07-V-03-第二十批場景.md
proto6/spec/conformance.md	proto6/spec/conformance/08-V-03-1001場景.md
proto6/spec/conformance.md	proto6/spec/conformance/09-V-03收尾與V-04-V-05.md
proto6/spec/settled/tick.md	proto6/spec/settled/tick/core/01-先講重點.md
proto6/spec/settled/tick.md	proto6/spec/settled/tick/core/02-B-626-核心與系統級任務界線.md
proto6/spec/settled/tick.md	proto6/spec/settled/tick/core/03-B-602-互斥鎖與B-620開頭.md
proto6/spec/settled/tick.md	proto6/spec/settled/tick/core/04-B-620-任務表與頂層預設.md
proto6/spec/settled/tick.md	proto6/spec/settled/tick/core/05-B-620-讀表與跑每一項.md
proto6/spec/settled/tick.md	proto6/spec/settled/tick/core/06-B-620-tasks-blocked與帳號.md
proto6/spec/settled/tick.md	proto6/spec/settled/tick/core/07-B-620-核心結束碼.md
proto6/spec/settled/tick.md	proto6/spec/settled/tick/core/08-B-633-紀錄與格數.md
proto6/spec/settled/tick.md	proto6/spec/settled/tick/core/09-B-633收尾與B-627.md
proto6/spec/settled/protocol/tick.md	proto6/spec/settled/protocol/tick/01-P-200-P-201-資料夾布局與inst.md
proto6/spec/settled/protocol/tick.md	proto6/spec/settled/protocol/tick/02-P-202-任務註冊表.md
proto6/spec/settled/protocol/tick.md	proto6/spec/settled/protocol/tick/03-P-203-aos-tick與任務程式.md
proto6/spec/settled/protocol/tick.md	proto6/spec/settled/protocol/tick/04-P-203結束碼與P-204-P-212.md
proto6/spec/settled/protocol/tick.md	proto6/spec/settled/protocol/tick/05-P-213-結束碼紀錄.md
proto6/spec/settled/protocol/tick.md	proto6/spec/settled/protocol/tick/06-P-213-tasks-blocked與P-214.md
proto6/spec/settled/README.md	proto6/spec/settled/readme/01-收錄判準對外依賴與待放入.md
proto6/spec/settled/README.md	proto6/spec/settled/readme/02-疑點-1001統一更新.md
proto6/spec/settled/README.md	proto6/spec/settled/readme/03-疑點-1001第二批與訊息佇列.md
proto6/spec/settled/README.md	proto6/spec/settled/readme/04-疑點-git與cgroup.md
proto6/spec/settled/README.md	proto6/spec/settled/readme/05-疑點-前輪暫定與已關.md
proto6/spec/protocol/README.md	proto6/spec/protocol/readme/01-P-001-P-004-範圍JSON與載體.md
proto6/spec/protocol/README.md	proto6/spec/protocol/readme/02-P-005-P-006-錯誤與程式介面.md
proto6/spec/protocol/README.md	proto6/spec/protocol/readme/03-P-007-P-008-schema與待決.md
proto6/spec/protocol/README.md	proto6/spec/protocol/readme/04-P-009-P-010-行為正本與inst目標.md
proto6/spec/protocol/README.md	proto6/spec/protocol/readme/05-條號索引.md
proto6/plan/m3m-daemon-modules.md	proto6/plan/m3m-daemon-modules/01-現況與原則.md
proto6/plan/m3m-daemon-modules.md	proto6/plan/m3m-daemon-modules/02-模組一-重讀設定.md
proto6/plan/m3m-daemon-modules.md	proto6/plan/m3m-daemon-modules/03-模組二-收屍與資源上限.md
proto6/plan/m3m-daemon-modules.md	proto6/plan/m3m-daemon-modules/04-模組三-記住狀態.md
proto6/plan/m3m-daemon-modules.md	proto6/plan/m3m-daemon-modules/05-模組四-訊息.md
proto6/plan/m3m-daemon-modules.md	proto6/plan/m3m-daemon-modules/06-模組五-帳號.md
proto6/plan/m3m-daemon-modules.md	proto6/plan/m3m-daemon-modules/07-模組五裁定驗收與實作順序.md
proto6/plan/m3m-daemon-modules.md	proto6/plan/m3m-daemon-modules/08-待問總表.md
proto6/plan/m3m-daemon-modules.md	proto6/plan/m3m-daemon-modules/09-做完了沒.md
proto6/plan/m1-tick-core.md	proto6/plan/m1-tick-core/01-步驟1-2-找資料夾取鎖與擋板檔.md
proto6/plan/m1-tick-core.md	proto6/plan/m1-tick-core/02-步驟3-結束碼紀錄與格數.md
proto6/plan/m1-tick-core.md	proto6/plan/m1-tick-core/03-步驟4-讀任務表.md
proto6/plan/m1-tick-core.md	proto6/plan/m1-tick-core/04-步驟5-7-跑每一項停格與紀錄.md
proto6/plan/m1-tick-core.md	proto6/plan/m1-tick-core/05-步驟8-9-上下層與整段驗收.md
proto6/plan/m1-tick-core.md	proto6/plan/m1-tick-core/06-做完了沒.md
proto6/plan/m1-tick-core.md	proto6/plan/m1-tick-core/07-不做的先怎麼擋.md
proto6/plan/m1-tick-core.md	proto6/plan/m1-tick-core/08-待問.md
proto6/plan/m2-system-tasks.md	proto6/plan/m2-system-tasks/01-現況對不上與步驟1.md
proto6/plan/m2-system-tasks.md	proto6/plan/m2-system-tasks/02-步驟2-4-aos-git.md
proto6/plan/m2-system-tasks.md	proto6/plan/m2-system-tasks/03-步驟5-6-範本驗收與不做的.md
proto6/plan/m2-system-tasks.md	proto6/plan/m2-system-tasks/04-待問.md
proto6/plan/m2-system-tasks.md	proto6/plan/m2-system-tasks/05-裁定紀錄.md
proto6/plan/m3-daemon-core.md	proto6/plan/m3-daemon-core/01-步驟1-讀設定檔.md
proto6/plan/m3-daemon-core.md	proto6/plan/m3-daemon-core/02-步驟2-4-叫exec與週期.md
proto6/plan/m3-daemon-core.md	proto6/plan/m3-daemon-core/03-步驟5-7與待問做完了沒.md
proto6/plan/m3n-control-module.md	proto6/plan/m3n-control-module/01-結論介面與步驟1.md
proto6/plan/m3n-control-module.md	proto6/plan/m3n-control-module/02-步驟2-週期迴圈.md
proto6/plan/m3n-control-module.md	proto6/plan/m3n-control-module/03-步驟3-4-socket與環境變數.md
proto6/plan/m3n-control-module.md	proto6/plan/m3n-control-module/04-步驟5-7-aos-ctl與待問.md
proto6/plan/m3n-control-module.md	proto6/plan/m3n-control-module/05-做完了沒.md
proto6/plan/README.md	proto6/plan/readme/01-六段總覽-一至三段.md
proto6/plan/README.md	proto6/plan/readme/02-四至六段順序與待問.md
proto6/spec/settled/deferred/tick.md	proto6/spec/settled/deferred/tick/01-B-628上下層與B-602-B-620細節.md
proto6/spec/settled/deferred/tick.md	proto6/spec/settled/deferred/tick/02-B-633落盤與B-625.md
proto6/spec/settled/deferred/tick.md	proto6/spec/settled/deferred/tick/03-B-624與B-621.md
proto6/spec/settled/deferred/tick.md	proto6/spec/settled/deferred/tick/04-已撤回與被取代.md
proto6/notes/2026-10-01-tick-system-tasks.md	proto6/notes/2026-10-01-tick-system-tasks/01-hooks現況與範本.md
proto6/notes/2026-10-01-tick-system-tasks.md	proto6/notes/2026-10-01-tick-system-tasks/02-git-mq-clean.md
proto6/notes/2026-10-01-tick-system-tasks.md	proto6/notes/2026-10-01-tick-system-tasks/03-普通程式工具與構想.md
proto6/notes/2026-10-01-tick-system-tasks.md	proto6/notes/2026-10-01-tick-system-tasks/04-已撤回daemon側與總表.md
proto6/spec/settled/deferred/daemon/cgroup.md	proto6/spec/settled/deferred/daemon/cgroup/01-B-605-啟動自檢.md
proto6/spec/settled/deferred/daemon/cgroup.md	proto6/spec/settled/deferred/daemon/cgroup/02-B-605-子樹與框的樹.md
proto6/spec/settled/deferred/daemon/cgroup.md	proto6/spec/settled/deferred/daemon/cgroup/03-B-605失效與清框.md
proto6/spec/settled/deferred/daemon/cgroup.md	proto6/spec/settled/deferred/daemon/cgroup/04-資源上限與收尾清框.md
proto6/spec/settled/deferred/daemon/registration.md	proto6/spec/settled/deferred/daemon/registration/01-B-606-登記與上層.md
proto6/spec/settled/deferred/daemon/registration.md	proto6/spec/settled/deferred/daemon/registration/02-B-606-身分額度換父與once.md
proto6/spec/settled/deferred/daemon/registration.md	proto6/spec/settled/deferred/daemon/registration/03-B-607-叫醒暫停與故障停格.md
proto6/spec/settled/deferred/daemon/registration.md	proto6/spec/settled/deferred/daemon/registration/04-B-607-最近一格與查詢.md
proto6/spec/settled/deferred/git.md	proto6/spec/settled/deferred/git/01-B-630-git開格存檔點收尾.md
proto6/spec/settled/deferred/git.md	proto6/spec/settled/deferred/git/02-B-630-其他.md
proto6/spec/settled/deferred/git.md	proto6/spec/settled/deferred/git/03-B-622-git共同規則.md
proto6/spec/settled/deferred/git.md	proto6/spec/settled/deferred/git/04-B-632-沒有git時.md
proto6/spec/settled/deferred/daemon/runtime.md	proto6/spec/settled/deferred/daemon/runtime/01-B-601-socket與IPC授權.md
proto6/spec/settled/deferred/daemon/runtime.md	proto6/spec/settled/deferred/daemon/runtime/02-B-601-執行身分與開格.md
proto6/spec/settled/deferred/daemon/runtime.md	proto6/spec/settled/deferred/daemon/runtime/03-B-601程序管理與B-504啟動自檢.md
proto6/spec/settled/deferred/protocol/tick.md	proto6/spec/settled/deferred/protocol/tick/01-P-207加入設定與P-212切換帳號.md
proto6/spec/settled/deferred/protocol/tick.md	proto6/spec/settled/deferred/protocol/tick/02-P-204檢查任務與P-205-git.md
proto6/spec/settled/deferred/protocol/tick.md	proto6/spec/settled/deferred/protocol/tick/03-P-206-mq與P-211-cg.md
proto6/spec/settled/deferred/protocol/daemon/provision-and-runner.md	proto6/spec/settled/deferred/protocol/daemon/provision-and-runner/01-P-107-P-108-佈建與私有通道.md
proto6/spec/settled/deferred/protocol/daemon/provision-and-runner.md	proto6/spec/settled/deferred/protocol/daemon/provision-and-runner/02-P-109-P-111-runner與錯誤.md
proto6/spec/settled/deferred/protocol/daemon/provision-and-runner.md	proto6/spec/settled/deferred/protocol/daemon/provision-and-runner/03-P-112-schema與範例.md
proto6/spec/settled/deferred/README.md	proto6/spec/settled/deferred/readme/01-總表-tick與名詞.md
proto6/spec/settled/deferred/README.md	proto6/spec/settled/deferred/readme/02-總表-daemon與helper.md
proto6/spec/settled/deferred/README.md	proto6/spec/settled/deferred/readme/03-總表-daemon協議與其他.md
proto6/spec/settled/conventions.md	proto6/spec/settled/conventions/01-C-08結束碼與C-09狀態資料夾.md
proto6/spec/settled/conventions.md	proto6/spec/settled/conventions/02-C-10-環境變數總表.md
proto6/spec/settled/conventions.md	proto6/spec/settled/conventions/03-C-11-設定檔頂層與指示詞.md
proto6/spec/settled/deferred/daemon/lifecycle.md	proto6/spec/settled/deferred/daemon/lifecycle/01-B-603-重啟.md
proto6/spec/settled/deferred/daemon/lifecycle.md	proto6/spec/settled/deferred/daemon/lifecycle/02-B-604-收尾停機退役.md
proto6/spec/settled/deferred/daemon/lifecycle.md	proto6/spec/settled/deferred/daemon/lifecycle/03-B-611-一棵樹一個daemon.md
proto6/spec/settled/tick/hooks.md	proto6/spec/settled/tick/hooks/01-B-635-掛點寫法與檢查.md
proto6/spec/settled/tick/hooks.md	proto6/spec/settled/tick/hooks/02-B-635-何時跑與紀錄.md
proto6/spec/settled/tick/hooks.md	proto6/spec/settled/tick/hooks/03-B-635-範例hook加git.md
proto6/spec/settled/terms.md	proto6/spec/settled/terms/01-T-07-tick核心.md
proto6/spec/settled/terms.md	proto6/spec/settled/terms/02-T-10-四類程式.md
proto6/spec/settled/terms.md	proto6/spec/settled/terms/03-T-11-daemon核心與模組.md
proto6/spec/settled/deferred/protocol/daemon/startup-and-ipc.md	proto6/spec/settled/deferred/protocol/daemon/startup-and-ipc/01-P-101-指令與結束碼.md
proto6/spec/settled/deferred/protocol/daemon/startup-and-ipc.md	proto6/spec/settled/deferred/protocol/daemon/startup-and-ipc/02-P-101-設定檔欄位.md
proto6/spec/settled/deferred/protocol/daemon/startup-and-ipc.md	proto6/spec/settled/deferred/protocol/daemon/startup-and-ipc/03-P-102-P-103-sudo與IPC.md
proto6/spec/settled/protocol/daemon/mq.md	proto6/spec/settled/protocol/daemon/mq/01-P-125-設定與請求.md
proto6/spec/settled/protocol/daemon/mq.md	proto6/spec/settled/protocol/daemon/mq/02-P-125-回應與環境變數.md
proto6/spec/settled/protocol/daemon/mq.md	proto6/spec/settled/protocol/daemon/mq/03-P-125-aos-mq.md
proto6/spec/settled/daemon/mq.md	proto6/spec/settled/daemon/mq/01-B-645-信箱與socket.md
proto6/spec/settled/daemon/mq.md	proto6/spec/settled/daemon/mq/02-B-645-aos-mq與先不做.md
proto6/spec/settled/daemon/core.md	proto6/spec/settled/daemon/core/01-B-640-清單起點週期.md
proto6/spec/settled/daemon/core.md	proto6/spec/settled/daemon/core/02-B-640-輸出停機鎖檔模組.md
proto6/spec/settled/deferred/daemon/channel.md	proto6/spec/settled/deferred/daemon/channel/01-B-610-B-612-診斷與通道.md
proto6/spec/settled/deferred/daemon/channel.md	proto6/spec/settled/deferred/daemon/channel/02-B-613-掛行程與砍掉.md
proto6/spec/settled/protocol/daemon/core.md	proto6/spec/settled/protocol/daemon/core/01-P-120-argv與設定檔.md
proto6/spec/settled/protocol/daemon/core.md	proto6/spec/settled/protocol/daemon/core/02-P-120-輸出與結束碼.md
proto6/spec/settled/deferred/protocol/daemon/registration.md	proto6/spec/settled/deferred/protocol/daemon/registration/01-P-104-P-105-註冊與叫醒.md
proto6/spec/settled/deferred/protocol/daemon/registration.md	proto6/spec/settled/deferred/protocol/daemon/registration/02-P-106-P-115-查登記與啟動ID.md
proto6/spec/settled/deferred/daemon/helper-actions.md	proto6/spec/settled/deferred/daemon/helper-actions/01-B-609-通則與動作.md
proto6/spec/settled/deferred/daemon/helper-actions.md	proto6/spec/settled/deferred/daemon/helper-actions/02-B-609-spawn_as與分工.md
proto6/spec/settled/deferred/mq.md	proto6/spec/settled/deferred/mq/01-B-623-mq-get.md
proto6/spec/settled/deferred/mq.md	proto6/spec/settled/deferred/mq/02-B-624-mq-post與發摘要.md
proto6/spec/settled/daemon/control.md	proto6/spec/settled/daemon/control/01-B-641-指令與細節.md
proto6/spec/settled/daemon/control.md	proto6/spec/settled/daemon/control/02-B-641-aos-ctl與連線出錯.md
proto6/spec/settled/protocol/daemon/control.md	proto6/spec/settled/protocol/daemon/control/01-P-121-socket請求回應.md
proto6/spec/settled/protocol/daemon/control.md	proto6/spec/settled/protocol/daemon/control/02-P-121-aos-ctl.md
proto6/spec/settled/deferred/helper.md	proto6/spec/settled/deferred/helper/01-B-303-helper模式與固定動作.md
proto6/spec/settled/deferred/helper.md	proto6/spec/settled/deferred/helper/02-B-303-aos-as.md
proto6/spec/settled/daemon/account.md	proto6/spec/settled/daemon/account/01-B-646-兩支程序與名單.md
proto6/spec/settled/daemon/account.md	proto6/spec/settled/daemon/account/02-B-646-其他模組與先不做.md
proto6/spec/settled/deferred/protocol/daemon/channel.md	proto6/spec/settled/deferred/protocol/daemon/channel/01-P-117-P-118-變數與掛行程.md
proto6/spec/settled/deferred/protocol/daemon/channel.md	proto6/spec/settled/deferred/protocol/daemon/channel/02-P-119-送取訊息與錯誤碼.md
proto6/plan/m1h-hooks-module.md	proto6/plan/m1h-hooks-module/01-步驟1-2-讀表與何時跑.md
proto6/plan/m1h-hooks-module.md	proto6/plan/m1h-hooks-module/02-步驟3-4-紀錄驗收與收尾.md
proto6/notes/verdicts/10-tick-minimal-core.md	proto6/notes/verdicts/10-tick-minimal-core/01-方向.md
proto6/notes/verdicts/10-tick-minimal-core.md	proto6/notes/verdicts/10-tick-minimal-core/02-疑點裁定衝突與落點.md
proto6/notes/verdicts/03-node-and-protocol.md	proto6/notes/verdicts/03-node-and-protocol/01-第六至十一批.md
proto6/notes/verdicts/03-node-and-protocol.md	proto6/notes/verdicts/03-node-and-protocol/02-軟性標準-agent循環.md
proto6/notes/verdicts/03-node-and-protocol.md	proto6/notes/verdicts/03-node-and-protocol/03-第十二批-協議細節.md
proto6/notes/verdicts/09-special-computing-os.md	proto6/notes/verdicts/09-special-computing-os/01-方向與審稿裁定.md
proto6/notes/verdicts/09-special-computing-os.md	proto6/notes/verdicts/09-special-computing-os/02-改寫計畫疑點與理解.md
proto6/notes/verdicts/05-dependencies.md	proto6/notes/verdicts/05-dependencies/01-第十四批-依賴與待釐清.md
proto6/notes/verdicts/05-dependencies.md	proto6/notes/verdicts/05-dependencies/02-追加與B1-B2.md
proto6/notes/verdicts/04-late-day-directions.md	proto6/notes/verdicts/04-late-day-directions/01-下班前方向與第十三批.md
proto6/notes/verdicts/04-late-day-directions.md	proto6/notes/verdicts/04-late-day-directions/02-LLM呼叫池.md
proto6/spec/README.md	proto6/spec/readme/01-來源原則平台與交付.md
