letter,step,call,at,outcome,prompt,completion,total,kind
01,1,you-20261009T185735-32e86410d4e4,2026-10-09T18:57:40.987,answered,4116,208,4324,繼續：
01,2,you-20261009T185735-32e86410d4e4-s2,2026-10-09T18:57:43.965,answered,4378,107,4485,繼續：
01,3,you-20261009T185735-32e86410d4e4-s3,2026-10-09T18:57:47.405,answered,4449,115,4564,繼續：
01,4,you-20261009T185735-32e86410d4e4-s4,2026-10-09T18:57:53.761,answered,4517,299,4816,繼續：
01,5,you-20261009T185735-32e86410d4e4-s5,2026-10-09T18:57:58.207,answered,4614,188,4802,繼續：
01,6,you-20261009T185735-32e86410d4e4-s6,2026-10-09T18:58:01.546,answered,4682,114,4796,繼續：
01,7,you-20261009T185735-32e86410d4e4-s7,2026-10-09T18:58:04.604,answered,4740,98,4838,繼續：
01,8,you-20261009T185735-32e86410d4e4-s8,2026-10-09T18:58:07.723,answered,4805,113,4918,繼續：
01,9,you-20261009T185735-32e86410d4e4-s9,2026-10-09T18:58:11.551,answered,4861,177,5038,繼續：
01,10,you-20261009T185735-32e86410d4e4-s10,2026-10-09T18:58:15.313,answered,4900,119,5019,繼續：
01,11,you-20261009T185735-32e86410d4e4-s11,2026-10-09T18:58:18.472,answered,4896,121,5017,繼續：
01,12,you-20261009T185735-32e86410d4e4-s12,2026-10-09T18:58:22.052,answered,4887,131,5018,繼續：
01,13,you-20261009T185735-32e86410d4e4-s13,2026-10-09T18:58:34.345,answered,4883,765,5648,回信：
02,1,you-20261009T185736-739b6b9529fd,2026-10-09T18:58:42.513,answered,3723,393,4116,回信：
03,1,you-20261009T185737-ac5a75633305,2026-10-09T18:58:49.272,answered,3689,213,3902,繼續：
03,2,you-20261009T185737-ac5a75633305-s2,2026-10-09T18:58:54.606,answered,3981,193,4174,回信：
04,1,you-20261009T185738-be2495d9161f,2026-10-09T18:59:00.037,answered,3687,225,3912,回信：
05,1,you-20261009T185740-3f460d9a7130,2026-10-09T18:59:04.422,answered,3735,182,3917,回信：
06,1,you-20261009T185741-dce1a73b6e87,2026-10-09T18:59:10.014,answered,3794,260,4054,繼續：
06,2,you-20261009T185741-dce1a73b6e87-s2,2026-10-09T18:59:16.792,answered,4174,358,4532,繼續：
06,3,you-20261009T185741-dce1a73b6e87-s3,2026-10-09T18:59:24.918,answered,4428,435,4863,回信：
07,1,you-20261009T185742-946001262ea4,2026-10-09T18:59:31.295,answered,3688,302,3990,回信：
08,1,you-20261009T185743-9d31eb8ef465,2026-10-09T18:59:36.063,answered,3652,150,3802,繼續：
08,2,you-20261009T185743-9d31eb8ef465-s2,2026-10-09T18:59:41.617,answered,3909,338,4247,回信：
09,1,you-20261009T185744-1a87603cbba4,2026-10-09T18:59:46.065,answered,3420,237,3657,回信：
10,1,you-20261009T185745-2f97f6b57225,2026-10-09T18:59:54.355,answered,3631,313,3944,繼續：
10,2,you-20261009T185745-2f97f6b57225-s2,2026-10-09T18:59:59.909,answered,3950,187,4137,回信：
11,1,you-20261009T185746-5c810fc151cd,2026-10-09T19:00:03.813,answered,3331,130,3461,要你決
12,1,you-20261009T185748-d4feb23a67b4,2026-10-09T19:00:11.609,answered,3401,344,3745,要你決
